metrics/accuracy_top1,metrics/accuracy_top5,fitness
0.4538152515888214,1.0,0.7269076257944107
